seed,score,lost
9600000,9,False
9600001,13,False
9600002,12,False
9600003,12,False
9600004,11,False
9600005,10,False
9600006,12,False
9600007,10,False
9600008,14,False
9600009,10,False
9600010,6,False
9600011,12,False
9600012,12,False
9600013,12,False
9600014,12,False
9600015,14,False
9600016,14,False
9600017,10,False
9600018,12,False
9600019,11,False
9600020,12,False
9600021,11,False
9600022,13,False
9600023,8,False
9600024,12,False
9600025,10,False
9600026,12,False
9600027,14,False
9600028,12,False
9600029,11,False
9600030,13,False
9600031,11,False
9600032,14,False
9600033,12,False
9600034,12,False
9600035,13,False
9600036,13,False
9600037,12,False
9600038,10,False
9600039,12,False
9600040,9,False
9600041,13,False
9600042,10,False
9600043,14,False
9600044,11,False
9600045,13,False
9600046,12,False
9600047,14,False
9600048,14,False
9600049,12,False
9600050,10,False
9600051,16,False
9600052,9,False
9600053,13,False
9600054,14,False
9600055,9,False
9600056,11,False
9600057,11,False
9600058,14,False
9600059,14,False
9600060,10,False
9600061,16,False
9600062,14,False
9600063,12,False
9600064,12,False
9600065,10,False
9600066,16,False
9600067,14,False
9600068,13,False
9600069,10,False
9600070,13,False
9600071,9,False
9600072,11,False
9600073,10,False
9600074,13,False
9600075,16,False
9600076,14,False
9600077,10,False
9600078,10,False
9600079,14,False
9600080,12,False
9600081,12,False
9600082,12,False
9600083,12,False
9600084,10,False
9600085,14,False
9600086,14,False
9600087,14,False
9600088,12,False
9600089,9,False
9600090,14,False
9600091,10,False
9600092,11,False
9600093,10,False
9600094,16,False
9600095,10,False
9600096,13,False
9600097,11,False
9600098,12,False
9600099,12,False
9600100,13,False
9600101,9,False
9600102,14,False
9600103,12,False
9600104,13,False
9600105,13,False
9600106,11,False
9600107,10,False
9600108,12,False
9600109,14,False
9600110,14,False
9600111,15,False
9600112,14,False
9600113,14,False
9600114,10,False
9600115,12,False
9600116,12,False
9600117,16,False
9600118,12,False
9600119,12,False
9600120,16,False
9600121,13,False
9600122,11,False
9600123,10,False
9600124,12,False
9600125,12,False
9600126,14,False
9600127,12,False
9600128,10,False
9600129,11,False
9600130,12,False
9600131,13,False
9600132,10,False
9600133,11,False
9600134,14,False
9600135,14,False
9600136,14,False
9600137,12,False
9600138,16,False
9600139,14,False
9600140,12,False
9600141,16,False
9600142,15,False
9600143,14,False
9600144,14,False
9600145,12,False
9600146,9,False
9600147,12,False
9600148,13,False
9600149,12,False
9600150,12,False
9600151,14,False
9600152,12,False
9600153,12,False
9600154,10,False
9600155,14,False
9600156,12,False
9600157,15,False
9600158,14,False
9600159,12,False
9600160,13,False
9600161,12,False
9600162,14,False
9600163,11,False
9600164,12,False
9600165,10,False
9600166,11,False
9600167,11,False
9600168,14,False
9600169,11,False
9600170,14,False
9600171,14,False
9600172,16,False
9600173,12,False
9600174,10,False
9600175,11,False
9600176,14,False
9600177,13,False
9600178,12,False
9600179,14,False
9600180,8,False
9600181,14,False
9600182,14,False
9600183,12,False
9600184,12,False
9600185,11,False
9600186,13,False
9600187,10,False
9600188,13,False
9600189,12,False
9600190,11,False
9600191,9,False
9600192,14,False
9600193,14,False
9600194,14,False
9600195,9,False
9600196,14,False
9600197,10,False
9600198,10,False
9600199,14,False
9600200,10,False
9600201,10,False
9600202,14,False
9600203,12,False
9600204,12,False
9600205,14,False
9600206,14,False
9600207,14,False
9600208,13,False
9600209,14,False
9600210,12,False
9600211,12,False
9600212,14,False
9600213,15,False
9600214,14,False
9600215,12,False
9600216,11,False
9600217,11,False
9600218,8,False
9600219,12,False
9600220,14,False
9600221,10,False
9600222,9,False
9600223,9,False
9600224,12,False
9600225,14,False
9600226,12,False
9600227,14,False
9600228,14,False
9600229,12,False
9600230,10,False
9600231,12,False
9600232,12,False
9600233,12,False
9600234,11,False
9600235,9,False
9600236,12,False
9600237,16,False
9600238,10,False
9600239,9,False
9600240,11,False
9600241,12,False
9600242,12,False
9600243,16,False
9600244,9,False
9600245,12,False
9600246,14,False
9600247,12,False
9600248,16,False
9600249,10,False
9600250,12,False
9600251,13,False
9600252,13,False
9600253,13,False
9600254,12,False
9600255,10,False
9600256,13,False
9600257,12,False
9600258,12,False
9600259,10,False
9600260,10,False
9600261,12,False
9600262,14,False
9600263,10,False
9600264,13,False
9600265,10,False
9600266,12,False
9600267,9,False
9600268,10,False
9600269,12,False
9600270,16,False
9600271,11,False
9600272,11,False
9600273,16,False
9600274,10,False
9600275,9,False
9600276,13,False
9600277,12,False
9600278,16,False
9600279,14,False
9600280,12,False
9600281,13,False
9600282,10,False
9600283,8,False
9600284,11,False
9600285,13,False
9600286,16,False
9600287,9,False
9600288,15,False
9600289,12,False
9600290,16,False
9600291,10,False
9600292,14,False
9600293,13,False
9600294,13,False
9600295,10,False
9600296,16,False
9600297,12,False
9600298,14,False
9600299,12,False
9600300,12,False
9600301,14,False
9600302,14,False
9600303,12,False
9600304,12,False
9600305,12,False
9600306,12,False
9600307,12,False
9600308,8,False
9600309,11,False
9600310,11,False
9600311,12,False
9600312,11,False
9600313,9,False
9600314,13,False
9600315,10,False
9600316,10,False
9600317,13,False
9600318,12,False
9600319,12,False
9600320,14,False
9600321,13,False
9600322,10,False
9600323,11,False
9600324,10,False
9600325,16,False
9600326,11,False
9600327,12,False
9600328,12,False
9600329,13,False
9600330,10,False
9600331,14,False
9600332,10,False
9600333,10,False
9600334,10,False
9600335,12,False
9600336,10,False
9600337,12,False
9600338,10,False
9600339,7,False
9600340,14,False
9600341,9,False
9600342,14,False
9600343,11,False
9600344,14,False
9600345,14,False
9600346,12,False
9600347,14,False
9600348,11,False
9600349,12,False
9600350,12,False
9600351,12,False
9600352,12,False
9600353,13,False
9600354,11,False
9600355,10,False
9600356,14,False
9600357,12,False
9600358,12,False
9600359,13,False
9600360,14,False
9600361,12,False
9600362,8,False
9600363,10,False
9600364,11,False
9600365,13,False
9600366,11,False
9600367,12,False
9600368,14,False
9600369,11,False
9600370,12,False
9600371,10,False
9600372,10,False
9600373,12,False
9600374,14,False
9600375,14,False
9600376,10,False
9600377,12,False
9600378,12,False
9600379,12,False
9600380,11,False
9600381,13,False
9600382,14,False
9600383,14,False
9600384,13,False
9600385,13,False
9600386,14,False
9600387,8,False
9600388,10,False
9600389,7,False
9600390,14,False
9600391,11,False
9600392,14,False
9600393,12,False
9600394,8,False
9600395,12,False
9600396,12,False
9600397,8,False
9600398,14,False
9600399,10,False
9600400,10,False
9600401,14,False
9600402,14,False
9600403,10,False
9600404,11,False
9600405,14,False
9600406,12,False
9600407,16,False
9600408,11,False
9600409,10,False
9600410,8,False
9600411,12,False
9600412,12,False
9600413,14,False
9600414,10,False
9600415,10,False
9600416,14,False
9600417,11,False
9600418,11,False
9600419,10,False
9600420,12,False
9600421,11,False
9600422,12,False
9600423,13,False
9600424,12,False
9600425,10,False
9600426,12,False
9600427,9,False
9600428,10,False
9600429,10,False
9600430,12,False
9600431,8,False
9600432,10,False
9600433,8,False
9600434,14,False
9600435,11,False
9600436,10,False
9600437,10,False
9600438,12,False
9600439,12,False
9600440,14,False
9600441,7,False
9600442,12,False
9600443,12,False
9600444,14,False
9600445,12,False
9600446,11,False
9600447,12,False
9600448,14,False
9600449,14,False
9600450,14,False
9600451,9,False
9600452,10,False
9600453,10,False
9600454,14,False
9600455,12,False
9600456,10,False
9600457,12,False
9600458,14,False
9600459,14,False
9600460,14,False
9600461,14,False
9600462,10,False
9600463,11,False
9600464,12,False
9600465,14,False
9600466,13,False
9600467,12,False
9600468,13,False
9600469,9,False
9600470,12,False
9600471,11,False
9600472,10,False
9600473,14,False
9600474,14,False
9600475,10,False
9600476,13,False
9600477,13,False
9600478,12,False
9600479,12,False
9600480,12,False
9600481,16,False
9600482,12,False
9600483,16,False
9600484,14,False
9600485,14,False
9600486,14,False
9600487,11,False
9600488,11,False
9600489,10,False
9600490,16,False
9600491,13,False
9600492,11,False
9600493,11,False
9600494,12,False
9600495,12,False
9600496,11,False
9600497,11,False
9600498,14,False
9600499,10,False
9600500,10,False
9600501,10,False
9600502,13,False
9600503,10,False
9600504,10,False
9600505,12,False
9600506,14,False
9600507,12,False
9600508,11,False
9600509,15,False
9600510,13,False
9600511,14,False
9600512,12,False
9600513,14,False
9600514,16,False
9600515,10,False
9600516,14,False
9600517,14,False
9600518,12,False
9600519,12,False
9600520,10,False
9600521,12,False
9600522,16,False
9600523,12,False
9600524,10,False
9600525,13,False
9600526,12,False
9600527,12,False
9600528,12,False
9600529,14,False
9600530,14,False
9600531,10,False
9600532,9,False
9600533,16,False
9600534,8,False
9600535,8,False
9600536,12,False
9600537,11,False
9600538,12,False
9600539,9,False
9600540,12,False
9600541,9,False
9600542,12,False
9600543,10,False
9600544,12,False
9600545,13,False
9600546,10,False
9600547,11,False
9600548,14,False
9600549,4,False
9600550,12,False
9600551,10,False
9600552,11,False
9600553,14,False
9600554,14,False
9600555,9,False
9600556,10,False
9600557,11,False
9600558,14,False
9600559,10,False
9600560,12,False
9600561,11,False
9600562,12,False
9600563,14,False
9600564,11,False
9600565,11,False
9600566,9,False
9600567,11,False
9600568,10,False
9600569,12,False
9600570,9,False
9600571,12,False
9600572,9,False
9600573,10,False
9600574,10,False
9600575,12,False
9600576,12,False
9600577,12,False
9600578,12,False
9600579,10,False
9600580,12,False
9600581,9,False
9600582,14,False
9600583,12,False
9600584,8,False
9600585,12,False
9600586,12,False
9600587,9,False
9600588,16,False
9600589,16,False
9600590,12,False
9600591,8,False
9600592,10,False
9600593,14,False
9600594,16,False
9600595,14,False
9600596,9,False
9600597,9,False
9600598,11,False
9600599,11,False
9600600,14,False
9600601,14,False
9600602,10,False
9600603,12,False
9600604,13,False
9600605,13,False
9600606,14,False
9600607,11,False
9600608,16,False
9600609,10,False
9600610,11,False
9600611,14,False
9600612,18,False
9600613,13,False
9600614,12,False
9600615,10,False
9600616,14,False
9600617,11,False
9600618,10,False
9600619,12,False
9600620,10,False
9600621,10,False
9600622,12,False
9600623,11,False
9600624,14,False
9600625,12,False
9600626,11,False
9600627,13,False
9600628,14,False
9600629,9,False
9600630,12,False
9600631,16,False
9600632,13,False
9600633,12,False
9600634,12,False
9600635,14,False
9600636,10,False
9600637,12,False
9600638,14,False
9600639,11,False
9600640,18,False
9600641,13,False
9600642,11,False
9600643,12,False
9600644,14,False
9600645,9,False
9600646,10,False
9600647,14,False
9600648,12,False
9600649,14,False
9600650,14,False
9600651,12,False
9600652,13,False
9600653,13,False
9600654,11,False
9600655,14,False
9600656,12,False
9600657,16,False
9600658,11,False
9600659,10,False
9600660,13,False
9600661,12,False
9600662,12,False
9600663,13,False
9600664,10,False
9600665,10,False
9600666,6,False
9600667,12,False
9600668,12,False
9600669,11,False
9600670,14,False
9600671,12,False
9600672,12,False
9600673,12,False
9600674,14,False
9600675,12,False
9600676,10,False
9600677,12,False
9600678,12,False
9600679,9,False
9600680,14,False
9600681,12,False
9600682,15,False
9600683,12,False
9600684,12,False
9600685,10,False
9600686,16,False
9600687,12,False
9600688,10,False
9600689,10,False
9600690,10,False
9600691,14,False
9600692,12,False
9600693,14,False
9600694,14,False
9600695,13,False
9600696,10,False
9600697,12,False
9600698,9,False
9600699,10,False
9600700,11,False
9600701,9,False
9600702,10,False
9600703,9,False
9600704,13,False
9600705,13,False
9600706,16,False
9600707,9,False
9600708,10,False
9600709,13,False
9600710,11,False
9600711,10,False
9600712,10,False
9600713,13,False
9600714,11,False
9600715,14,False
9600716,12,False
9600717,12,False
9600718,11,False
9600719,12,False
9600720,11,False
9600721,11,False
9600722,11,False
9600723,14,False
9600724,13,False
9600725,14,False
9600726,11,False
9600727,12,False
9600728,10,False
9600729,6,False
9600730,11,False
9600731,11,False
9600732,12,False
9600733,10,False
9600734,10,False
9600735,10,False
9600736,9,False
9600737,12,False
9600738,14,False
9600739,10,False
9600740,10,False
9600741,11,False
9600742,12,False
9600743,14,False
9600744,11,False
9600745,14,False
9600746,12,False
9600747,10,False
9600748,13,False
9600749,14,False
9600750,14,False
9600751,12,False
9600752,11,False
9600753,13,False
9600754,9,False
9600755,12,False
9600756,12,False
9600757,10,False
9600758,14,False
9600759,12,False
9600760,9,False
9600761,14,False
9600762,11,False
9600763,12,False
9600764,13,False
9600765,12,False
9600766,14,False
9600767,12,False
9600768,16,False
9600769,11,False
9600770,13,False
9600771,10,False
9600772,14,False
9600773,10,False
9600774,12,False
9600775,12,False
9600776,14,False
9600777,12,False
9600778,10,False
9600779,9,False
9600780,11,False
9600781,12,False
9600782,10,False
9600783,13,False
9600784,12,False
9600785,16,False
9600786,12,False
9600787,12,False
9600788,12,False
9600789,12,False
9600790,14,False
9600791,14,False
9600792,10,False
9600793,11,False
9600794,13,False
9600795,13,False
9600796,13,False
9600797,13,False
9600798,7,False
9600799,16,False
9600800,12,False
9600801,12,False
9600802,14,False
9600803,14,False
9600804,11,False
9600805,12,False
9600806,12,False
9600807,11,False
9600808,13,False
9600809,10,False
9600810,12,False
9600811,12,False
9600812,16,False
9600813,14,False
9600814,12,False
9600815,13,False
9600816,10,False
9600817,13,False
9600818,11,False
9600819,11,False
9600820,8,False
9600821,12,False
9600822,11,False
9600823,10,False
9600824,10,False
9600825,11,False
9600826,14,False
9600827,11,False
9600828,10,False
9600829,12,False
9600830,13,False
9600831,8,False
9600832,11,False
9600833,11,False
9600834,12,False
9600835,12,False
9600836,13,False
9600837,13,False
9600838,16,False
9600839,16,False
9600840,12,False
9600841,14,False
9600842,14,False
9600843,13,False
9600844,12,False
9600845,12,False
9600846,12,False
9600847,12,False
9600848,13,False
9600849,13,False
9600850,10,False
9600851,14,False
9600852,14,False
9600853,13,False
9600854,12,False
9600855,9,False
9600856,14,False
9600857,9,False
9600858,11,False
9600859,12,False
9600860,14,False
9600861,13,False
9600862,10,False
9600863,13,False
9600864,12,False
9600865,11,False
9600866,12,False
9600867,12,False
9600868,12,False
9600869,14,False
9600870,14,False
9600871,11,False
9600872,12,False
9600873,10,False
9600874,11,False
9600875,11,False
9600876,12,False
9600877,12,False
9600878,13,False
9600879,9,False
9600880,13,False
9600881,10,False
9600882,13,False
9600883,12,False
9600884,14,False
9600885,14,False
9600886,10,False
9600887,12,False
9600888,11,False
9600889,10,False
9600890,13,False
9600891,12,False
9600892,14,False
9600893,12,False
9600894,10,False
9600895,14,False
9600896,12,False
9600897,12,False
9600898,13,False
9600899,13,False
9600900,17,False
9600901,14,False
9600902,12,False
9600903,12,False
9600904,16,False
9600905,14,False
9600906,12,False
9600907,16,False
9600908,9,False
9600909,10,False
9600910,13,False
9600911,14,False
9600912,8,False
9600913,10,False
9600914,9,False
9600915,12,False
9600916,11,False
9600917,13,False
9600918,9,False
9600919,11,False
9600920,11,False
9600921,14,False
9600922,11,False
9600923,14,False
9600924,11,False
9600925,16,False
9600926,14,False
9600927,16,False
9600928,11,False
9600929,10,False
9600930,14,False
9600931,14,False
9600932,14,False
9600933,12,False
9600934,12,False
9600935,14,False
9600936,16,False
9600937,11,False
9600938,14,False
9600939,8,False
9600940,9,False
9600941,14,False
9600942,14,False
9600943,13,False
9600944,10,False
9600945,10,False
9600946,16,False
9600947,14,False
9600948,10,False
9600949,12,False
9600950,12,False
9600951,14,False
9600952,10,False
9600953,6,False
9600954,14,False
9600955,12,False
9600956,11,False
9600957,8,False
9600958,11,False
9600959,11,False
9600960,9,False
9600961,11,False
9600962,11,False
9600963,12,False
9600964,10,False
9600965,11,False
9600966,10,False
9600967,11,False
9600968,8,False
9600969,10,False
9600970,11,False
9600971,13,False
9600972,12,False
9600973,12,False
9600974,10,False
9600975,10,False
9600976,14,False
9600977,14,False
9600978,14,False
9600979,13,False
9600980,12,False
9600981,12,False
9600982,13,False
9600983,7,False
9600984,8,False
9600985,14,False
9600986,12,False
9600987,13,False
9600988,10,False
9600989,10,False
9600990,9,False
9600991,16,False
9600992,12,False
9600993,8,False
9600994,12,False
9600995,13,False
9600996,12,False
9600997,12,False
9600998,14,False
9600999,9,False
